<?xml version="1.0" encoding="UTF-8" ?>
<ListView xmlns="http://soap.sforce.com/2006/04/metadata">
    <fullName>Patients</fullName>
    <columns>FULL_NAME</columns>
    <columns>CONTACT.PHONE1</columns>
    <columns>CONTACT.EMAIL</columns>
    <columns>CONTACT.BIRTHDATE</columns>
    <filterScope>Everything</filterScope>
    <filters>
        <field>CONTACT.RECORDTYPE</field>
        <operation>equals</operation>
        <value>Contact.Patient</value>
    </filters>
    <label>Patients</label>
</ListView>
