<?xml version="1.0" encoding="UTF-8" ?>
<CustomApplication xmlns="http://soap.sforce.com/2006/04/metadata">
    <brand>
        <headerColor>#3AA7E7</headerColor>
        <logo>clinic</logo>
        <logoVersion>1</logoVersion>
        <shouldOverrideOrgTheme>true</shouldOverrideOrgTheme>
    </brand>
    <formFactors>Small</formFactors>
    <formFactors>Large</formFactors>
    <isNavAutoTempTabsDisabled>false</isNavAutoTempTabsDisabled>
    <isNavPersonalizationDisabled>false</isNavPersonalizationDisabled>
    <label>Medical Clinic</label>
    <navType>Standard</navType>
    <tabs>Medical_Clinic</tabs>
    <tabs>Clinic__c</tabs>
    <tabs>Specialization__c</tabs>
    <tabs>Physician__c</tabs>
    <tabs>Appointment__c</tabs>
    <tabs>standard-Contact</tabs>
    <uiType>Lightning</uiType>
</CustomApplication>
