<?xml version="1.0" encoding="UTF-8" ?>
<NamedCredential xmlns="http://soap.sforce.com/2006/04/metadata">
    <allowMergeFieldsInBody>false</allowMergeFieldsInBody>
    <allowMergeFieldsInHeader>false</allowMergeFieldsInHeader>
    <authProvider>Google_Connect</authProvider>
    <endpoint>https://www.googleapis.com</endpoint>
    <generateAuthorizationHeader>true</generateAuthorizationHeader>
    <label>Google Api</label>
    <oauthScope>https://www.googleapis.com/auth/calendar</oauthScope>
    <principalType>NamedUser</principalType>
    <protocol>Oauth</protocol>
</NamedCredential>
