<?xml version="1.0" encoding="UTF-8" ?>
<AuthProvider xmlns="http://soap.sforce.com/2006/04/metadata">
    <authorizeUrl>https://accounts.google.com/o/oauth2/auth?access_type=offline&amp;approval_prompt=force</authorizeUrl>
    <consumerKey>789115102539-rncs3pc57isqaikm70brkquoscog8n8r.apps.googleusercontent.com</consumerKey>
    <consumerSecret>LGWXT3ubMTxjPeqJjoWZIki6xepjA4J7cEEY92ILatc=</consumerSecret>
    <defaultScopes>email</defaultScopes>
    <friendlyName>Google Connect</friendlyName>
    <includeOrgIdInIdentifier>false</includeOrgIdInIdentifier>
    <providerType>OpenIdConnect</providerType>
    <sendAccessTokenInHeader>true</sendAccessTokenInHeader>
    <sendClientCredentialsInHeader>false</sendClientCredentialsInHeader>
    <sendSecretInApis>true</sendSecretInApis>
    <tokenUrl>https://oauth2.googleapis.com/token</tokenUrl>
</AuthProvider>
